﻿<?xml version="1.0" encoding="utf-8"?><Manifest RequiredUpdaterVersion="3.0.0"><!--************************************************************************************--><!--***** Packages *********************************************************************--><!--************************************************************************************--><Packages><Package><ModelID>0x602</ModelID><HardwareRevision>-1</HardwareRevision><ModelName>Lt220</ModelName><CommercialName /><ModelFamily>Veyron</ModelFamily><VersionCondition>Lt225</VersionCondition><Loads><Load><LoadNumber>6</LoadNumber><LoadType>U3V</LoadType><FileName>Lt220.zip</FileName><SecurityTag>I4LQl7zMKEhQOKLeStqx6BXzsDE=</SecurityTag><LoadVersion>1.0.1</LoadVersion><FlipBits>False</FlipBits><ForceUpdate>False</ForceUpdate><DataExtractionMethod>None</DataExtractionMethod><ProgrammingMethod>WriteBufferToFlash</ProgrammingMethod><VersionVerificationMethod>U3V</VersionVerificationMethod><FlashControlOperation>SaveU3VInfo</FlashControlOperation><FlashAddress>0x1B8000</FlashAddress><FlashSize>0x8000</FlashSize><VersionFlashAddress>0x1B0000</VersionFlashAddress><VersionFlashSize>0x8000</VersionFlashSize><NextLoad>0</NextLoad><AlternateNextLoad>0</AlternateNextLoad></Load><Load><LoadNumber>1</LoadNumber><LoadType>Firmware</LoadType><FileName>lt220_11.71_10563.img</FileName><SecurityTag>tK/sdaUtDDtG7h1ecB9wUnNlOvM=</SecurityTag><LoadVersion>11.71</LoadVersion><FlipBits>False</FlipBits><ForceUpdate>False</ForceUpdate><DataExtractionMethod>None</DataExtractionMethod><ProgrammingMethod>WriteCypressImageToFlash</ProgrammingMethod><VersionVerificationMethod>Firmware</VersionVerificationMethod><FlashControlOperation>LoadFirmwareInRam</FlashControlOperation><FlashAddress>0x20000</FlashAddress><FlashSize>0x60000</FlashSize><VersionFlashAddress>0xFFFFFFFF</VersionFlashAddress><VersionFlashSize>0xFFFFFFFF</VersionFlashSize><NextLoad>3</NextLoad><AlternateNextLoad>0</AlternateNextLoad></Load><Load><LoadNumber>4</LoadNumber><LoadType>FPGA</LoadType><FileName>USB3CIM4_CMOSIS_86.bin</FileName><SecurityTag>kb0pVVE0spDd+KProF2OPma3diE=</SecurityTag><LoadVersion>11.134</LoadVersion><FlipBits>False</FlipBits><ForceUpdate>False</ForceUpdate><DataExtractionMethod>None</DataExtractionMethod><ProgrammingMethod>WriteBufferToFlash</ProgrammingMethod><VersionVerificationMethod>FPGA</VersionVerificationMethod><FlashControlOperation>FastFPGAConfig</FlashControlOperation><FlashAddress>0x200000</FlashAddress><FlashSize>0x170000</FlashSize><VersionFlashAddress>0xFFFFFFFF</VersionFlashAddress><VersionFlashSize>0xFFFFFFFF</VersionFlashSize><NextLoad>6</NextLoad><AlternateNextLoad>0</AlternateNextLoad></Load><Load><LoadNumber>3</LoadNumber><LoadType>XSVF</LoadType><FileName>USB3CIM4_CMOSIS_86.xsvf</FileName><SecurityTag>wr+1xUqZgeT/c//oRxrR1LM0Wts=</SecurityTag><LoadVersion>11.134</LoadVersion><FlipBits>False</FlipBits><ForceUpdate>False</ForceUpdate><DataExtractionMethod>None</DataExtractionMethod><ProgrammingMethod>JTAGXSVF</ProgrammingMethod><VersionVerificationMethod>XSVF</VersionVerificationMethod><FlashControlOperation>XSVF</FlashControlOperation><FlashAddress>0xFFFFFFFF</FlashAddress><FlashSize>0xFFFFFFFF</FlashSize><VersionFlashAddress>0xFFFFFFFF</VersionFlashAddress><VersionFlashSize>0xFFFFFFFF</VersionFlashSize><NextLoad>4</NextLoad><AlternateNextLoad>0</AlternateNextLoad></Load></Loads></Package><Package><ModelID>0x604</ModelID><HardwareRevision>-1</HardwareRevision><ModelName>Lt420</ModelName><CommercialName /><ModelFamily>Veyron</ModelFamily><VersionCondition>Lt425</VersionCondition><Loads><Load><LoadNumber>6</LoadNumber><LoadType>U3V</LoadType><FileName>Lt420.zip</FileName><SecurityTag>lKQUPSk6/Z2sCcxqKwCxfiCa7CY=</SecurityTag><LoadVersion>1.0.1</LoadVersion><FlipBits>False</FlipBits><ForceUpdate>False</ForceUpdate><DataExtractionMethod>None</DataExtractionMethod><ProgrammingMethod>WriteBufferToFlash</ProgrammingMethod><VersionVerificationMethod>U3V</VersionVerificationMethod><FlashControlOperation>SaveU3VInfo</FlashControlOperation><FlashAddress>0x1B8000</FlashAddress><FlashSize>0x8000</FlashSize><VersionFlashAddress>0x1B0000</VersionFlashAddress><VersionFlashSize>0x8000</VersionFlashSize><NextLoad>0</NextLoad><AlternateNextLoad>0</AlternateNextLoad></Load><Load><LoadNumber>1</LoadNumber><LoadType>Firmware</LoadType><FileName>lt420_11.71_10563.img</FileName><SecurityTag>OLRCfyx8Y96kEwi4Zzuxo9rm31I=</SecurityTag><LoadVersion>11.71</LoadVersion><FlipBits>False</FlipBits><ForceUpdate>False</ForceUpdate><DataExtractionMethod>None</DataExtractionMethod><ProgrammingMethod>WriteCypressImageToFlash</ProgrammingMethod><VersionVerificationMethod>Firmware</VersionVerificationMethod><FlashControlOperation>LoadFirmwareInRam</FlashControlOperation><FlashAddress>0x20000</FlashAddress><FlashSize>0x60000</FlashSize><VersionFlashAddress>0xFFFFFFFF</VersionFlashAddress><VersionFlashSize>0xFFFFFFFF</VersionFlashSize><NextLoad>3</NextLoad><AlternateNextLoad>0</AlternateNextLoad></Load><Load><LoadNumber>4</LoadNumber><LoadType>FPGA</LoadType><FileName>USB3CIM4_CMOSIS_86.bin</FileName><SecurityTag>kb0pVVE0spDd+KProF2OPma3diE=</SecurityTag><LoadVersion>11.134</LoadVersion><FlipBits>False</FlipBits><ForceUpdate>False</ForceUpdate><DataExtractionMethod>None</DataExtractionMethod><ProgrammingMethod>WriteBufferToFlash</ProgrammingMethod><VersionVerificationMethod>FPGA</VersionVerificationMethod><FlashControlOperation>FastFPGAConfig</FlashControlOperation><FlashAddress>0x200000</FlashAddress><FlashSize>0x170000</FlashSize><VersionFlashAddress>0xFFFFFFFF</VersionFlashAddress><VersionFlashSize>0xFFFFFFFF</VersionFlashSize><NextLoad>6</NextLoad><AlternateNextLoad>0</AlternateNextLoad></Load><Load><LoadNumber>3</LoadNumber><LoadType>XSVF</LoadType><FileName>USB3CIM4_CMOSIS_86.xsvf</FileName><SecurityTag>wr+1xUqZgeT/c//oRxrR1LM0Wts=</SecurityTag><LoadVersion>11.134</LoadVersion><FlipBits>False</FlipBits><ForceUpdate>False</ForceUpdate><DataExtractionMethod>None</DataExtractionMethod><ProgrammingMethod>JTAGXSVF</ProgrammingMethod><VersionVerificationMethod>XSVF</VersionVerificationMethod><FlashControlOperation>XSVF</FlashControlOperation><FlashAddress>0xFFFFFFFF</FlashAddress><FlashSize>0xFFFFFFFF</FlashSize><VersionFlashAddress>0xFFFFFFFF</VersionFlashAddress><VersionFlashSize>0xFFFFFFFF</VersionFlashSize><NextLoad>4</NextLoad><AlternateNextLoad>0</AlternateNextLoad></Load></Loads></Package></Packages><ManifestSecurityTag>fVrZfQzCPE2uaxTEMyGitsBklnQ=</ManifestSecurityTag></Manifest>